{
  "Workflows": [
    {
      "Path": null,
      "SortBy": 0,
      "VariablesSectionElementsOrder": [],
      "ArgumentsSectionElementsOrder": null,
      "ConstantsSectionElementsOrder": [],
      "AddedNamespaces": null
    },
    {
      "Path": "Main.xaml",
      "SortBy": 0,
      "VariablesSectionElementsOrder": [
        "typeInfo&Sequence_5",
        "rowTable&Sequence_1"
      ],
      "ArgumentsSectionElementsOrder": [],
      "ConstantsSectionElementsOrder": [],
      "AddedNamespaces": null
    },
    {
      "Path": "Main(Autosaved).xaml",
      "SortBy": 0,
      "VariablesSectionElementsOrder": [
        "rowTable&Sequence_1",
        "autoStatus&Sequence_1",
        "autoDateTime&Sequence_1",
        "count&Sequence_1",
        "finalDataTable&Sequence_1",
        "finalGCount&Sequence_1",
        "typeInfo&Sequence_5",
        "count2exl&Sequence_55"
      ],
      "ArgumentsSectionElementsOrder": [],
      "ConstantsSectionElementsOrder": [],
      "AddedNamespaces": null
    }
  ]
}